{"abandoned": 21, "merged": 89, "review_time_days_avg": 35.717425, "review_time_days_median": 6.052300000000001, "submitted": 115}