{"abandoned": 73, "merged": 353, "review_time_days_avg": 12.394208333333333, "review_time_days_median": 11.040099999999999, "submitted": 427}