{"abandoned": 110, "merged": 632, "review_time_days_avg": 7.325182142857143, "review_time_days_median": 3.2984999999999998, "submitted": 761}