{"abandoned": 30, "merged": 77, "review_time_days_avg": 22.021349999999998, "review_time_days_median": 3.05095, "submitted": 107}