{"abandoned": 32, "merged": 107, "review_time_days_avg": 13.104550000000001, "review_time_days_median": 7.916449999999999, "submitted": 149}