{"abandoned": 906, "merged": 3951, "review_time_days_avg": 12.98558112582781, "review_time_days_median": 4.07425, "submitted": 5017}