{"Confirmed":{"old_value":["0","0","Confirmed","Confirmed","Confirmed","Confirmed","Confirmed","Confirmed","Confirmed","Confirmed","0","Confirmed"],"new_value":["Confirmed","Expired","Fix Committed","Fix Released","In Progress","Incomplete","Invalid","New","Opinion","Triaged","Unknown","Wont Fix"],"issue":[0,0,1283,928,7201,383,868,116,42,745,0,236],"f":[0,0,0.108710388069819,0.0786307405524487,0.610150821894594,0.0324521267581766,0.0735468564650059,0.00982884256905609,0.00355871886120996,0.0631248940857482,0,0.0199966107439417]},"Expired":{"old_value":["Expired","0","0","Expired","Expired","Expired","Expired","Expired","Expired","0","0","0"],"new_value":["Confirmed","Expired","Fix Committed","Fix Released","In Progress","Incomplete","Invalid","New","Opinion","Triaged","Unknown","Wont Fix"],"issue":[11,0,0,1,3,2,1,10,1,0,0,0],"f":[0.379310344827586,0,0,0.0344827586206897,0.103448275862069,0.0689655172413793,0.0344827586206897,0.344827586206897,0.0344827586206897,0,0,0]},"Fix Committed":{"old_value":["Fix Committed","0","0","Fix Committed","Fix Committed","Fix Committed","Fix Committed","Fix Committed","Fix Committed","Fix Committed","0","Fix Committed"],"new_value":["Confirmed","Expired","Fix Committed","Fix Released","In Progress","Incomplete","Invalid","New","Opinion","Triaged","Unknown","Wont Fix"],"issue":[150,0,0,23215,862,35,63,85,5,100,0,21],"f":[0.00611346592761656,0,0,0.946160743397457,0.0351320508640365,0.00142647538311053,0.00256765568959896,0.00346429735898272,0.000203782197587219,0.00407564395174438,0,0.000855885229866319]},"Fix Released":{"old_value":["Fix Released","0","Fix Released","0","Fix Released","Fix Released","Fix Released","Fix Released","Fix Released","Fix Released","0","Fix Released"],"new_value":["Confirmed","Expired","Fix Committed","Fix Released","In Progress","Incomplete","Invalid","New","Opinion","Triaged","Unknown","Wont Fix"],"issue":[76,0,257,0,144,8,64,80,1,64,0,1],"f":[0.109352517985612,0,0.369784172661871,0,0.207194244604317,0.0115107913669065,0.0920863309352518,0.115107913669065,0.00143884892086331,0.0920863309352518,0,0.00143884892086331]},"In Progress":{"old_value":["In Progress","0","In Progress","In Progress","0","In Progress","In Progress","In Progress","In Progress","In Progress","0","In Progress"],"new_value":["Confirmed","Expired","Fix Committed","Fix Released","In Progress","Incomplete","Invalid","New","Opinion","Triaged","Unknown","Wont Fix"],"issue":[662,0,23330,3340,0,312,1061,285,58,402,0,284],"f":[0.0222640747965292,0,0.784623663146566,0.112329319970404,0,0.0104930382726845,0.0356830564337123,0.00958498688370216,0.0019506289096657,0.0135198762359588,0,0.00955135535077689]},"Incomplete":{"old_value":["Incomplete","Incomplete","Incomplete","Incomplete","Incomplete","0","Incomplete","Incomplete","Incomplete","Incomplete","0","Incomplete"],"new_value":["Confirmed","Expired","Fix Committed","Fix Released","In Progress","Incomplete","Invalid","New","Opinion","Triaged","Unknown","Wont Fix"],"issue":[608,398,77,111,314,0,1126,371,46,181,0,126],"f":[0.18106015485408,0.118522930315664,0.0229303156640858,0.0330553901131626,0.0935080405002978,0,0.335318642048839,0.110482430017868,0.0136986301369863,0.0539011316259678,0,0.0375223347230494]},"Invalid":{"old_value":["Invalid","0","Invalid","Invalid","Invalid","Invalid","0","Invalid","Invalid","Invalid","0","Invalid"],"new_value":["Confirmed","Expired","Fix Committed","Fix Released","In Progress","Incomplete","Invalid","New","Opinion","Triaged","Unknown","Wont Fix"],"issue":[225,0,38,35,162,94,0,261,25,62,0,28],"f":[0.241935483870968,0,0.0408602150537634,0.0376344086021505,0.174193548387097,0.101075268817204,0,0.280645161290323,0.0268817204301075,0.0666666666666667,0,0.0301075268817204]},"New":{"old_value":["New","0","New","New","New","New","New","0","New","New","New","New"],"new_value":["Confirmed","Expired","Fix Committed","Fix Released","In Progress","Incomplete","Invalid","New","Opinion","Triaged","Unknown","Wont Fix"],"issue":[11532,0,3276,2070,21543,3334,4024,0,223,6200,1,530],"f":[0.21868659093926,0,0.0621242864999147,0.0392543568543417,0.408529763146417,0.0632241670301329,0.0763089526482468,0,0.00422885100411507,0.117573435988849,1.89634574175564e-05,0.0100506324313049]},"Opinion":{"old_value":["Opinion","0","Opinion","Opinion","Opinion","Opinion","Opinion","Opinion","0","Opinion","0","Opinion"],"new_value":["Confirmed","Expired","Fix Committed","Fix Released","In Progress","Incomplete","Invalid","New","Opinion","Triaged","Unknown","Wont Fix"],"issue":[28,0,2,4,40,16,41,19,0,11,0,7],"f":[0.166666666666667,0,0.0119047619047619,0.0238095238095238,0.238095238095238,0.0952380952380952,0.244047619047619,0.113095238095238,0,0.0654761904761905,0,0.0416666666666667]},"Triaged":{"old_value":["Triaged","0","Triaged","Triaged","Triaged","Triaged","Triaged","Triaged","Triaged","0","0","Triaged"],"new_value":["Confirmed","Expired","Fix Committed","Fix Released","In Progress","Incomplete","Invalid","New","Opinion","Triaged","Unknown","Wont Fix"],"issue":[185,0,553,487,4455,167,421,33,27,0,0,274],"f":[0.0280218115722508,0,0.0837624962132687,0.0737655255983035,0.674795516510148,0.0252953650408967,0.0637685549833384,0.00499848530748258,0.0040896697970312,0,0,0.0415025749772796]},"Unknown":{"old_value":["Unknown","0","0","Unknown","0","0","0","Unknown","0","0","0","0"],"new_value":["Confirmed","Expired","Fix Committed","Fix Released","In Progress","Incomplete","Invalid","New","Opinion","Triaged","Unknown","Wont Fix"],"issue":[2,0,0,6,0,0,0,4,0,0,0,0],"f":[0.166666666666667,0,0,0.5,0,0,0,0.333333333333333,0,0,0,0]},"Wont Fix":{"old_value":[0,0,0,0,0,0,0,0,0,0,0,0],"new_value":["Confirmed","Expired","Fix Committed","Fix Released","In Progress","Incomplete","Invalid","New","Opinion","Triaged","Unknown","Wont Fix"],"issue":[0,0,0,0,0,0,0,0,0,0,0,0],"f":[0,0,0,0,0,0,0,0,0,0,0,0]}}