{"abandoned": 53, "merged": 233, "review_time_days_avg": 9.252615384615384, "review_time_days_median": 4.97195, "submitted": 301}