{"abandoned": 22, "merged": 35, "review_time_days_avg": 30.883200000000002, "review_time_days_median": 30.883200000000002, "submitted": 61}