{"abandoned": 221, "merged": 2386, "review_time_days_avg": 6.375113043478258, "review_time_days_median": 1.45425, "submitted": 2632}