{"abandoned": 28, "merged": 87, "review_time_days_avg": 6.186599999999999, "review_time_days_median": 6.186599999999999, "submitted": 115}