{"abandoned": 7, "merged": 57, "pending": 0, "review_time_days_avg": 7.9895499999999995, "review_time_days_median": 7.9895499999999995, "submitted": 64}