{"abandoned": 7, "merged": 21, "pending": 0, "review_time_days_avg": 26.087278571428573, "review_time_days_median": 8.631450000000001, "submitted": 28}