{"abandoned": 475, "merged": 2066, "pending": 196, "review_time_days_avg": 20.544830158730164, "review_time_days_median": 8.53275, "submitted": 2737}