{"abandoned": 3162, "merged": 9739, "pending": 574, "review_time_days_avg": 25.35320601092896, "review_time_days_median": 7.99575, "submitted": 13475}