{"abandoned": 3, "merged": 63, "pending": 10, "review_time_days_avg": 11.986699999999999, "review_time_days_median": 11.986699999999999, "submitted": 76}