{"abandoned": 114, "merged": 408, "pending": 18, "review_time_days_avg": 7.050971052631579, "review_time_days_median": 2.2476000000000003, "submitted": 540}