{"abandoned": 13, "merged": 109, "pending": 0, "review_time_days_avg": 10.241700000000002, "review_time_days_median": 10.241700000000002, "submitted": 122}