{"abandoned": 181, "merged": 416, "pending": 31, "review_time_days_avg": 8.158789095744682, "review_time_days_median": 3.3638500000000002, "submitted": 628}