{"abandoned": 29, "merged": 135, "pending": 5, "review_time_days_avg": 31.993209999999998, "review_time_days_median": 18.067050000000002, "submitted": 169}