{"abandoned": 80, "merged": 390, "review_time_days_avg": 5.574538461538462, "review_time_days_median": 0.85195, "submitted": 492}