{"abandoned": 121, "merged": 321, "review_time_days_avg": 2.7735333333333334, "review_time_days_median": 0.82925, "submitted": 445}