{"abandoned": 23, "merged": 357, "review_time_days_avg": 21.52316666666667, "review_time_days_median": 1.83235, "submitted": 383}