{"abandoned": 197, "merged": 974, "review_time_days_avg": 5.642498571428572, "review_time_days_median": 1.7989000000000002, "submitted": 1209}